{"104525:52": 1781924534.211033, "104775:1": 1781924551.317239, "104775:4": 1781924564.8544798, "104775:11": 1781924578.457023, "104775:19": 1781924591.9457972, "104775:21": 1781924605.548857, "104974:41": 1781924621.6045399, "105986:9": 1781924634.6987278, "102091:27": 1781924895.437011, "101748:1": 1781924911.564786, "103917:72": 1781924927.5151439, "107383:2": 1781924943.5016131, "106393:30": 1781925004.527689, "105506:13": 1781925018.5487318, "105506:43": 1781925031.972629, "105506:51": 1781925045.675893, "101695:29": 1781925059.533202, "102964:25": 1781925075.6545012, "102964:26": 1781925089.092622, "106505:68": 1781925102.8425741, "101555:28": 1781925116.4875462, "101555:46": 1781925129.979899, "105864:15": 1781925146.162549, "104568:53": 1781925162.4665542, "104568:80": 1781925175.900512, "102165:2": 1781925192.016157, "102165:17": 1781925205.63238, "107383:13": 1781925277.523804, "107383:14": 1781925286.874628, "102165:24": 1781925416.468819, "105839:23": 1781925632.840134, "105839:33": 1781925709.135712, "105839:37": 1781925722.576813, "105839:44": 1781925736.060514, "102895:51": 1781925743.178825, "102964:37": 1781925991.678242, "102964:65": 1781926005.241941, "105864:28": 1781926018.750886, "105864:54": 1781926032.161202, "101692:2": 1781926045.701969, "101692:9": 1781926059.148532, "101692:45": 1781926072.555218, "105875:27": 1781926086.2710469, "105875:28": 1781926099.742912, "105875:30": 1781926113.186559, "105875:42": 1781926127.1041229, "105875:44": 1781926140.531351, "10575:27": 1781926154.176438, "10575:37": 1781926158.655651, "101332:54": 1781926218.219245, "105231:43": 1781926230.125705}